BTC;1182ETH;7605LTC;3808DASH;3807XMR;5038ZEC;24854BTCD;4400PPC;2349CRAIG;4425XBS;5023XPY;5030PRC;3638YBC;3639DANK;3640DT;3643CETI;3644SUP;3645XPD;3646CHASH;3648SPR;3649WOLF;3653XDP;36552015;374442;4321ACOIN;4323AERO;4324AGS;4326AMC;4327ALN;4328ANNC;4329APEX;4330ARCH;4331ARG;4371AUR;4333AXR;4334BCX;4335BEN;4336BET;4337BLK;4339BOST;4342BQC;4343ZET;4347QTL;4349ENRG;4350RIC;4352DGC;4353LIMX;4354BTB;4399CAIX;4406BTE;4401BTG*;4402BTM;4403BUK;4404CANN;4407CAP;4408CASH;4409CBX;4411CCN;4412CIN;4413CINNI;4414CXC;4415CLOAK;4417CLR;4418CMC;4419CNL;4421COOL;4423CRACK;4424CRC;4426CRYPT;4427DMD;4431DRKC;4434DSB;4435EFL;4438ELC;4439EXCL;4442EXE;4443EZC;4444FC2;4446FIBRE;4448FRC;4521FLT;4449FRK;4522FRAC;4450FST;4523GLC;4527GLD;4528GLYPH;4530GUE;4532HAL;4533HBN;4534HUC;4535HVC;4536HYP;4537ICB;4538IOC;4540IXC;4541JBS;4542JKC;4543JUDGE;4544KDC;4545KEY;4546LAB;4548LGD*;4549LK7;4550LKY;4551LSD;4552LTB;4553LTCD;4554LTCX;4555LXC;4556MAX;4558MEC;4559MED;4560MIN;4561MINT;4562MN;4563MNC;4564MRY;4566MYST*;4567NAN;4569NAUT;4570NAV;4571NEC;4573NMB;4575NRB;4576NRS;4578NVC;4579NMC;4580NYAN;4581OPAL;4582ORB;4583OSC;4584PHS;4585POINTS;4586PSEUD;4588PTS*;4589PXC;4590PYC;4591RIPO;4593RPC;4594RT2;4595RYC;4596RZR;4597SFR;4601SHADE;4602SHLD;4603SILK;4604SLG;4605SMC;4606SOLE;4607SPA;4608SPT;4609SRC;4611SSV;4613SUPER;4615SWIFT;4616SYNC;4617TAG;4619TES;4622TGC;4623TIT;4624TOR;4625TRC;4626TTC;4627ULTC;4628UNB;4629UNO;4630URO;4631UTC;5012UTIL;5013VDO;5014VIA;5015VOOT;5016VRC;5017VTC;5018WC;5019XAI;5021XBOT;5022XC;5024XCASH;5025XCR;5026XJO;5027XLB;5028XPM;5029XST;5032XXX;5033ZED;5036EKN;5281XAU;5283TMC;5284NBT;5287START;5289HUGE;5290XCP;52927;5294MONA;5296TEK;5298TRON;5299NTRN;5301SLING;5302CRAVE;5304BLOCK;5305XSI;5306GHS;5307BYC;5308GEMZ;5310KTK;5311FAIR;5313RBY;5316PTC;5317KORE;5318WBB;5319SSD;5320XTC;5321GRID;5323FLO;5325MMXIV;53268BIT;5327STV;5328EBS;5329AM;5330XMG;5331JPC;5333NKT;5334J;5335DTC;5337MTR;5340TRI;5341SWARM;5342BBR;5343BTCRY;5344XPB;5346XDQ;5347SMAC;5350TRK;5351U;5352UIS;5353CYP;5354ASN;5356OC;5357GSM;5358FSC2;5359NXTTY;5360QBK;5361MARYJ;5363OMC;5365GIG;5366CC;5367BITS;5368LTBC;5369NEOS;5370HYPER;5371VTR;5372METAL;5373XG;5376CHILD;5377BOOM;5378MINE;5379ROS;5380UNAT;5381SLM;5382GAIA;5383TRUST;5384FCN;5385CURE;5387GMC;5388MMC;5389XBC;5391CYC;5392OCTO;5393MSC;5394EGG;5395C2;5396GSX;5397CAM;5398XQN;5400ICASH;5401SOON;5403EVENT;5405VIOR;5407XCO;5408VMC;5409MRS;5410VIRAL;6088EQM;6093ISL;6094QSLV;6095XWT;6096XNA;6097RDN;372369SKB;6099BSTY;6100FCS;6101GAM;6102NXS;6103TWLV;6105EAGS;6106MWC;6107MARS;6109XMS;6110SPHR;6111SIGU;6112BTX*;6113DCC;6114M1;6115DB;6116CTO;6117LUX*;6341FUTC;6343GLOBE;6393TAM;6411MRP;6412CREVA;6451NANAS;6453LOG;6454XCE;6455ACP;6476DRZ;7480BUCKS*;7481BSC;7482DRKT;7483CIRC;7484NKA;7559VERSA;7562EPY;7564SQL;7565POLY;7567PIGGY;7577CHA;7580MIL;7581CRW;7586GEN;7588XPH;7590GRM;7592QTZ;7595ARB;7599LTS;7600SPC;7624GP;7625BITZ;7626DUB;7627GRAV;7634BOB;7635MCN;7636QCN;7650HEDG;7653XSEED;8683CRE;8692AXIOM;8693RBT;8695CHIP;8696GRAM;8717SPRTS;8761BTQ;8763PKB;8764SNRG;8825GHOUL;8832HNC;8846DIGS;12192GCR;12217CON;12985TX;13045GRS;13070SC;13072CLV;13074FCT;13280LYB;13281OBITS;15323RADS;15870BLITZ;15879HIRE*;15882EGC;15885MND;15888I0C;16123BTA;16125KARM;16127DCR;16713NAS2;16717PAK;17006CRBIT;17547REP;17778OK;17857HODL;18670EDRC;19051LSK;19745WAVES;20131GAME;20157DSH;20196DBIC;20198SPOTS;20205PWR;20236TRUMP;20270BCY;20315RBIES;20320STEEM;20333BLRY;20336DNET;20346XID*;20387POST;20444INFX;20446ETHS;20448PXL;20580ION;20591TAGR;20652ADZ;20656IVZ;20679SOIL;20685YOC;20691DBTC;20726AEON;20730MOIN;20744SIB;20745XRE;20823XDB;20826ANTI;20828BRK;20892MNM;20905ADCN;20907611;20909SWING;20920NEBU;20980AEC;20986FRN;20991ADN;21007CYG;21213LGBTQ;21215UTH;21219MPRO;21222KAT;21224SPM;21229BELA;21239FLX;21244BOLI;21357CLUD;21359HVCO;21374GIZ;21378LEMON;21641NEVA;21669FUZZ;21708SCRT;21760XRA;21770XNX;21773DBG;21859FLVR;21878STA*;21981RISE;22015OBS;22177EDC;22185CLINT;22191VIP;22212NXE;22240ZOOM;22245DRACO;22248YOVI;22254ORLY;22258KUBO;22262EVIL;22272BNT;22327BSD;22329DES;22330BIT16;22333PDC;22352CMT;22354CHESS;22407OMNI;22441LIR;23423MMNXT;23425SCRPT;23429SPX;23435KRAK;23741DLISK;23743IBANK;23745STRAT;24294WGC;24402BM;24405FRWC;24866PSY;24871RUST;24887BFX;25238DCT;25721XPOKE;25817MUDRA;25820CNMT;25825PIZZA;25830HEAT;25917ICN;25921WINGS;25946CDX;26113DCS.;26129KMD;26132GB;26194NEO;27368ANC;27370JWL;27674WAY;27681TAB;27993TRIG;27996STO;28025SNS;28027FSN;28081CTC;28083MDC;28128ZET2;28136COV*;28151KRB;28154BLOCKPAY;28204BXT;28208ZYD;28216MST;28219ZNE;28227DGDC;28278TODAY;28317ROOT;283261ST;28328GPL;28330PIO;28342SMSR;28650ERB;28665LAZ;28700DROP;28767PNK;28772DLC;28776BRONZ;28888SH;28890PSI;29004XPO;29008PSB;29041UNF;29198SPORT;29200PPY;29348EGO;29368MT;29378TIA;29455GBRC;29458888;29462BBCC;29554EMIGR;29556CRAFT;29711OLYMP;29715DPAY;29718ATOM;29721ANTC;29758RMS;29928VAPOR;30016XZC;30022PRE;30024CALC;30029CF;30119JIF;30177MONETA;30364RUBIT;30369BRAIN;30373ZUR;30391GMX;3042432BIT;30428GNJ;30521SCT;30536GCC;305662BACCO;30912DKC;30920COC;30925CHOOF;31002CSH;31004ZCL;32544RYCN;32548DAR;32694ARK;32699ZXT;32785WASH;32870TESLA;32873LUCKY;32875CBD;33008INSANE;33017FAME;33268MEGA;33393DOGETH;33403HUSH;33460EBZ;33636FGZ;33866PNC;33873BRDD;33875TIME;33914BIP;33936BTTF;33945FIRST;34223JIO;34332JNS;34440DCRE;34487FRE;34489PLNC;34493DGMS;34496ICOB;34499ARCO;34506XCRE;34604ENT;34609ODNT;34847EUC;34849CCX;34851BCF;34854SEEDS;35027POSW;35030TKS;35124BCCOIN;35165SHORTY;35226PCM;35228CORAL;35232NXC;35678HSP;35687HZT;35811CS;35813ICON;35825NIC;35947XNG;35953XCI;35955MIS;37190WOP;37191CQST;37195ANAL;37359RC;37361CND*;37746OPTION;37749AV;38026LTD;38030UNITS;38032GAKH;38277LVG;38312LTCR;38370QBC;38371XPRO;38380AST*;38959GIFT;38962VIDZ;38964INC;38967PTA;39698ZLQ;39704TWIST;40839DETH;40845LENIN;40992OS76;41122MKR;41192BIC;41587MOTO;41592XNC*;41866HXX;41868SPKTR;41871MAC;41962SEL;41967NOO;41971CHAO;41974GBIT;42103RIDE;42344CNO;42438IOP;42596XSPEC;42598LIFE;381189ELS;42685KUSH;42687ERY;42694PLU;42837OPES;42850WCT;43042RATIO;43046BAN;43247CWXT;43265TECH;43595MAR;43814MARX;43818TAT;43933HAZE;43937PRX;43998IMPCH;44007ERR;44749TIC;44752NUKE;44799SFC;44952PARA;44957ZBC;45250MLN;45253FRST;45258ORO;45262ALEX;45607TBCX;45609MCAR;45612ACES;45617UAEC;45816EA;45821PIE;45832CREA;48787BVC;48800BIOB;50734SWT;50741ZER;51845CHAT;52008CDN;52015NETKO;53174ZOI;53178HONEY;53915MXT;53944DTB;55540MBIT;55547VOLT;55553MGO;55650EDG;55676CHC;56249PLANET;56654DUCK;56678RNS;57471AMIS;57676XVP;57734TAJ;57750IMX;58121CJC;58125AMY;59304SRC*;59966XVE;59973APT;60419BNB*;60622UNI;60631ECO;61047XLR;61061DARK;61066DOV;61073MER;61138WGO;61667RLC;61877ATMS;61902INPAY;61912WBTC;62640HPC;62659CXT;63308GNO;66193LGD;66259GUP;67096LUN;67447IEC;68088IMS;68093ARGUS;70352TKN;71077BTCS;71321XGR;71862WRC*;71873BENJI;71884BCAP;72955DUO;73132GRW;74894APX;74912MRT;75475IOU;77286PHR;77337ANT;78152RICE;78190DEA;79849PBT;84232MNE;84831SUB*;100944USC;100954EQT;105263INSN;105284HAMS;112363QTUM;112392ZEN;116180QRL;127667ADL;127738PTOY;129035ZRC;129604DYN;131111SEQ;131112MCAP;131154MYST;136190VERI;136211SKY;136269AVT;138642IXT;141171EFYT;165555ADX;170452PLBT;171884AHT;175611TIX;1756714CHN;175683CMP;176004RVT;1762808BT;177124CDT;177139PING;177503SAN;177863WGR;178467XEL;178861NVST;178885FUNC;179018MTL;179164MYB;179345PPT;179896OAX;180013MBI;180539DIM;180678GGS;180716DNA;180804FYN;180820CFT;182258DNR;182288VUC;182340BTPL;182346UNIFY;182364BRIT;182416AMMO;182463SOCC;183189STU;184237GUNS;185625PRO;185695SYC;185873AHT*;186064COSS;186335SCORE;187431OMG;187440OTX;188294EQB;188300CVCOIN;188400DRP;188523BOG;188677PART;191116AGRS;191142SAND;188652DAS;194399XCJ;194689RKC;194924NLC2;195018SPN;196549KING;196560ANCP;196572RCC;196591SNK;196612XLC;198337MSP;198408DFBT;198693VIB;198710ONION;198967BTX;198983ICOO;199363SIGT;200941COE;201701ARENA;201896WINK;201962CRM;202049BCH;202330CSNO;202714SDAO;203183STX;204716BNB;204788CORE;205549TIE;205991GRWI;207931CCC;210595UMC;213100BMXT;213113GAS;213532OCL;214738TOM;215602XAS;218107SMNX;218221DLT;220204MRV;221349MBRS;221350MET;221605NEBL;222085XMCC;222133CTR;225277WNET;206512PRG;225764THNX;228146FUCK;229060ITT;232678PIX;223283LTA;234526NIMFA;234596MLS;234707KEX;234766MINEX;235021ATL;235213MAG;235993LAT;237269SQP;237448RIYA;238571MNT;240322GIM;243079FRAZ;247259EMT;247322GXC;247350KRONE;247703SRT;248243AVA;248300BT;249784ACC;249821Z2;252359LINX;253667XCXT;253688GOOD;253766TRV;255293CRTM;255489PST;255777PRIX;257772WTC;299397BRX;299415ORME;301112DEEP;301119TMT;301150CCT*;301191WISH;301216ABC;303943BMC;3041843DES;304693KAPU;305047FC;307112EVC;308072WIZ;310052EDO;310297ATKN;310392RUSTBITS;310553REX;310589ETHD;310754SUMO;3108128S;310852H2O;310867RHEA;311516ART*;311558MTN;313967SALT;314580SND;314865HSR;318199GLA;318704EZM;319029MTK;319238CAS;319254MAT;320036GJC;320412WIC;320551WEB;320596WAND;320621EBTC;321189YOYOW;322002REC;322013BIS;322963ROCK;323817VSX;325279GRF;326286CZC;327250PPP;327500GUESS;327608CAN*;327632ETP;328639CNX*;328667ERT;328784TRIP;329767MBT;330003ARBI;334856ARN;335127ROK;336556XRED;336594FLP;337863HXT;338018ENG;338335MCI;338415COV;338426WAX;338541NTO;339406ATCC;339419KOLION;339431WILD;339533ELTC2;339581TER;340067CLOUT;340816WABI;340940VIVO;341205MDA;341279AURS;341400CAG;341422PKT;344086SMT;344097ATS;345017EBET;345159MOD;345510BM*;345544RUP;345801BTG;347235ETG;347450MAY;348094KCS;348628BLUE;350048WYR;350395VZT;350476LUX;351720BAR;354771ECASH;355117ODMC;357404CABS*;357413TKR;360229ELITE;360657XIOS;360740AVE;362627BTDX;362846ZAB;363992MDL;364051JCR;364747XSB;364846EBST;368732KEK;368743CPC;15282NET*;176669VOX;18180UNIT;20728CNX;289715DEM;4429NBL;4572BCR;5345BNX;56682XFC;6452XCT;78227ALF;4325SONG;8682MAT*;108094QVT;205980PGL;222125GPU;20650REV;22169KNC;310497IML;184187AE;190978STR*;8767KURT;34602GOT;63304QAU;170958QRK;4351DDF;180595GAP;20659MYC;20661MEDI;233044THC;29924RNC;39710NTCC;41819SXC;4348SBC;4599CNT;70365ZNY;8762QWARK;116425MNZ;341059KGC;4547WDC;5020VIBE;336538ZNT;197886GOON;28221N7;21017WPR;355242BLAZR;60424EMC2;4440QBT;59317XWC;20338RGC;345065ECHT;344337TEAM;30523GOTX;21875YMC;42099CPAY;345674NET;4574ARI;4332RED;79864SHP;364472NZC;24892CSC;4428FTC;4524XRB;172091REE;22418KOBO;3642AIR*;30182FTP;28131AC;4322CAV;340776PINK;5374ERC;20748MI;12225NDC;188787SAK;22268MARV;22428TZC;338180ICX;324068BHC;29559MOOND;28774POT;4587STORJ;187347SNM;136244PYN;304833XGB;41989ZRC*;5037MAID;5293CNC;4420TEC;42106CTX;278056SKIN;198369BOS;116384CFI;136984HVN;179329EQ;1986982GIVE;20910CJ;23734EXB;25925UBIQ;28652DGORE;29904ZECD;32777ATX;33871GIVE;3641KED;42435GML;4531TSE;49610SJCX;5288NOTE;5322BOAT;57742RAIN;67462DRC;290053WOLK;198703AST;337162BAC*;329507BLU;4340S8C;38310CKC;22207404;21227EKO;22328GLX;4529DOPE;28332THS;45615VEG;55544SUB;221463FLIK;329562XBY;66694MONEY;35681LC;25916PEC;30423APPC;346812PEPECASH;42663VRP*;338140PINKX;29193GHC;5336EXIT;22180PLR;184298VOISE;188352EMB;33942TKN*;22458NRN;307406STAR*;21775MOBI;202706DOT;20339ASAFE;38367FLASH;326222TKT;311176HMQ;72438AMP;18244FX;28336NXT;1183CVC;139467EMC;15876DNT;177175STAR;179947ZRX;186277TNT;186309PST*;186331UNIKRN;186929ADT;188858SCOT;20342KCN;205967MNY;208001BNC;215570WMC;21871LBC;23432HGT;234508SNGLS;24926COVAL;28276ARDR;30173EQUAL;30883SWEET;30887LINK;309621LEO;33001GNT;33022BASH;33129DLR;34213ACN;35949GEO;3647BITB;4338LEPEN;43602ROUND;43604COMM;4422ZCC;5035VLTC;50730NSR;5295CELL;5297HZ;5312AMBER;5332ABY;5338FLDC;5348RBR;5399NODE;5402ZENI;56253KAYI;57705CESC;6104LMC;70469RCN;307219LEV;332804SENSE;305252REQ;335059POWR;339617HAC;321347COB;234811R;345420AUTH;222200EDDIE;348256FUEL;292748SKR*;304605LA;184163ARNA*;303888ENJ;283116OPP;323787BRAT;357734INDI;351078EARTH;324012GAT;349487XNN;362769UTK;236358WRC;296844FLLW;350394EOS;166503BAY;5300COX;22326ONX;201676PQT;179077NAMO;348289DOV*;360827LKK;130939DRT;311829RPX;341267SOUL;20585BTM*;218008GDC;4526AIR;338555BAT;107672HALLO;29552MM;44959LIV;33271IPC;182396OPT;197054USDE;5011TOT;28087LOOK;36984DUX;105206NLG;5315WINE;32691ELM;339933XCN;5386RING;28657ARM;28654MAD;131079DCY;181373CMPCO;228090PUT;23737BUZZ;28893LEA;30117CACH;4405SYS;4618YAC;5034GXC*;339847XMY;4345ZSE;79875BS;30175MRSA;41116JANE;44955XNC;33939SAFEX;20594BURST;5286SSTC;20644365;33639BLAS;253707MZC;4568MTLM3;34754CHIEF;37214SMF;43257ILC;75440SNOV;311853BTS;5039IOT;127356XUC;184221STALIN;49605SPEC;8716DAT;335505SCN;28880CIR;43598POE;188811PUPA;78172TELL;28172RCX;20218BIGUP;20819EB3;59968UFO;5355ACID;39700MUU;84247BOMB;42110XPS;105220BTMI;5404NEF;112405LYC;4557SMART;199901HMP;20655ARI*;235221BTCL;29370RCN*;29374BTLC;33522BOSON;33869JOK;42101TAP;81403ZSC;341328VEE;306482NPC;34491BLC;5362STORM;186875MG;29001LANA;30544TAK;4620KNC*;20211BXC;45031XDN;5282FIT;29133XEM;5285LFC;30388ACT;177157ROOTS;194906CGA;20911NYC;247232GAY;28431FJC;29935IFLT;32775VRS;33399KLC;33405QORA;5314GRE;5375BQ;340125UP;347247AR;306304ATM*;368694XHI;20202SOJ;237385ADC;6108EAC;4437NOBL;4577SAT2;4598CARBON;21382DOGED;17549FUN;178978JOBS;29762VTA;20680DVC;4436XUC*;299774DGB;4430COLX;20903BTCZ;327184DIEM;20213ECC;129013WRT;299811WOMEN;348068HTC;20153RDD;4592PBC;22171PCS;32686PND;37366LDOGE;5339XRP;5031VPRC;20718ADA;321992LINDA;196541PAYP;40842SMLY;8694ESP;130951HILL;30359PRES;42841PROC;71334DRM8;33524HTML5;847521CR;5406SLR;5349ZEIT;20908NEU;13044BITCNY;28019BITUSD;28021TRX;310829DOGE;4432FLAP;4445DENT;141331HCC;30371XLM;4614UNC;8760BCN;5280GCN;199065AIB;208061337;20824DTR;360063MOON;4346DIME;21365FFC;4447KIN;177918MC;27594DCN;218906PAC;44003PZM;77306EDR;27634GBYTE;30736IFC;4539LBTC;247246OROC;180001MLITE;49600NBIT;32688GRT;20438NTM;338156CAB;20212INXT;344988ETBS;188394FIND;48807BHC*;369029CRPS;41590BET*;177831BQX;141464NMR;166594CND;338070BIOS;20209PAY;45260ICE;199004IW;34334MAPC;12223ALIS;331603XID;199026EMD;4441MCO;166548VSL;32880WTT;179109XEN;34324UET;191037BLX;241634KICK;202849ARC*;188615SNT;137013DICE;89572BAC;20348SNC;179926TAAS;66270UNITY;20635CLUB;15869STEPS;20724LQD;22422F16;108099EXP;12194STA;150519TFL;150545BST;15272PXI;15274AMS;15284XTZ;166390ECOB;171390USDT;171986ATB;175618HRB;176336SUR;177462MIV;177759COR;179980XRL;179990DP;182325MASS;184135IND;185953TRIBE;186253DGD;18907XAI*;191228ADST;194530CAT;194567BITSD;198251HIRE;198458REAL;198490ATOM*;199107MANA;199148TME;199887GBT;20214SAR;20215DGT;202696PRM;20304TCR;20441NUM;20583GROW;20600AUT;206001CTT;206009OLDSF;20640NETC;20647SLS;20681CUBE;20688COIN;20714APC;20722ICOS;207775PRIME;20814BERN;20817KR;20822MEME;20825MTH;208914PULSE;21012MOJO;21232FIL;213663FLY;21370GREXIT;21380DEUR;21384TUR;21626STS;21650DISK;21652CYT;21706NKC;21710STHR;21833INCP;22264OMA;22280MUE;22325DTCT;223644SPACE;22410XDE2;22430VEC2;22434GSY;22453WORM;228162VNT;229307SIFT;229420IWT;232556JDC;232607SCOR;234659BRO;234982DFT;236039SBD;23728STCN;237428LNK;238622WAN;240142PBKX;241757BOU;241804OXY;242873TTT;243013VOYA;24305ENTER;24307CLOUD;243146HBT;247391XT;24885XAUR;25082EON;255546UNIQ;25594CRX;25613WARP;25822RBIT;26121SYNX;27591ATM;28023BTD;28089BOTS;28125ENE;28174TDFB;28176808;28223VLT;28225DCK;28229VRM;28323FONZ;28703BTCR;28764SANDG;28770SEN;28778WEX;28882LTH;28885NLC;29010XBTS;29131FIRE;29196NTC;29366X2;29376XUP;29460INV;29713HKG;29733TRA;29926SDP;30019RRT;30020CRNK;30121CFC;30123VTY;30126SFE;30169CRAB;30179FOREX;30361EC;30367VTX;30377KRC;30379ROYAL;30386NUBIS;30393TENNET;30421ELE;30550AND;30568TPG;32882MDT;33004PEX;33010PEN;33127SP;33332ALC;33401FIST;33526DRS;33645CSMIC;34215SCASH;34225TRICK;34483UR;34750KC;35230BamitCoin;35407BSTAR;35684XSP;35816CCRB;35818BULLS;35821INCNT;35823NXTI;3650LOC;36988MMXVI;36992TRST;37040IMPS;37204IN;37210GOAT;37356PX;37370HEEL;38035SHIFT;38307DRA;38360RADI;39707GOLOS;40806PASC;40811YAY;40847YES;40990BOSS;41125PIVX;42433WEALTH;42440CLICK;42680BTZ;42843UBQ;43044NICE;43253NRC;44001CLAM;4416XVG;4433EOC;44803NDOGE;45044SDC;4600WISC;48794PASL;50754XVC;5303GRC;5309TPAY;53166ETC;5324MUSIC;53950B@;56078BEST;56246BSTK;57466DBIX;57481FAZZ;60409ARPA;60618ETT;62529VISIO;62648EMPC;63312EDGE;6339BUCKS;66685MCRN;67430WSX;68084RBX;73143MILO;74924CTIC;79887BITOK;81445INF8;84262FDC;314355IFT;185669STOCKBET;313988IGNIS;231674CFT*;241536XP;318154SCL;255254ODN;319075NPX;187015CAT*;185689AMB;238733HDG;237407OLV;75285FND;180840ZNA;318794XCS;340112POLL;319130ILCT;339598LRC;318169EVX;194883B3;28333WHL;347067RNDR;348131SCT*;348278VEN;236131CASH*;222436ACE;294364PIRL;355019CABS;196986AR*;251598PRP;304147PLM;314331AMT;243045DTT;313176DRGN;355702DMT;192400BON;21869ETN;361881REA;362039DTT*;363066KEY*;360299BT1;364317BT2;364348LOAN*;363006PTC*;340872ALTOCAR;240439BBT;198474JVY;331207ELT;334997MTX;257110BON*;346775C20;339632
